{
  "name": "made in abyss",
  "author": "DreamerSouls",
  "version": "v1.0",
  "manifest_version": 2,
  "music": false,
  "mappings": {
    "deck_ui_typing.wav": [
      "typing/key01.wav",
      "typing/key02.wav",
      "typing/key03.wav",
      "typing/key04.wav",
      "typing/key05.wav"
    ],
    "deck_ui_launch_game.wav": [
      "Launch/deck_ui_launch_game0.wav"
    ],
    "deck_ui_volume.wav": [
      "Nnaa/Mitty-1.wav",
      "Nnaa/Mitty-2.wav",
      "Nnaa/Nnaa-1.wav",
      "Nnaa/Nnaa-2.wav"
    ],
    "deck_ui_toast.wav": [
      "Noti/deck_ui_toast0.wav",
      "Noti/deck_ui_toast1.wav",
      "Noti/deck_ui_toast2.wav",
      "Noti/deck_ui_toast3.wav",
      "Noti/deck_ui_toast4.wav",
      "Noti/deck_ui_toast5.wav"
    ]
  },
  "id": "56498a1d-a056-43d8-9679-fe7c55d65c73",
  "ignore": [
    "bumper_end.wav",
    "confirmation_negative.wav",
    "confirmation_positive.wav",
    "deck_ui_achievement_toast.wav",
    "deck_ui_default_activation.wav",
    "deck_ui_message_toast.wav",
    "deck_ui_misc_01.wav",
    "deck_ui_misc_08.wav",
    "deck_ui_out_of_game_detail.wav",
    "deck_ui_switch_toggle_off.wav",
    "deck_ui_switch_toggle_on.wav",
    "deck_ui_tile_scroll.wav",
    "pop_sound.wav",
    "steam_at_mention.m4a",
    "steam_chatroom_notification.m4a",
    "ui_steam_message_old_smooth.m4a",
    "ui_steam_smoother_friend_join.m4a",
    "ui_steam_smoother_friend_online.m4a"
  ]
}